id,agent_past_pos,robot_past_pos,predicted_target_pos
173,"[[7.16, 7.16, 7.16, 7.16, 7.16, 7.16, 7.16, 7.16, 7.16, 7.16], [4.56, 4.56, 4.56, 4.56, 4.56, 4.56, 4.56, 4.56, 4.56, 4.56]]","[[7.6008256774696825, 7.486163831308794, 7.392726240709734, 7.337081729725313, 7.311427916840028, 7.306937651291799, 7.295829671576929, 7.263865522101831, 7.225142166570139, 7.160329718545389], [3.5575412482057973, 3.59789373815407, 3.6469312924181385, 3.728973206881182, 3.8252674287592336, 3.944273695353167, 4.051021923426287, 4.130411533716814, 4.196640874746935, 4.235957345369951]]","[6.63000835891099, 4.59860613048424]"
